address,operation,area_habitable,terrace,area_total,administration,bedrooms,bathrooms,parking,walking_closet,loft,study_room,floor,deposit,terrace_area,construction_age,interior_exterior,elevator,finish_quality,conservation_state,location_quality,stratum,observations,contact_method,contact_info,pricing
"Apartamento en arriendo en la felicidad, bogotá",ARRIENDO,37.0,False,0.0,0.0,0,1.0,0,False,False,False,0,0,0.0,0,I,False,3,3,3,0,,,,"{""area"": 37.0, ""price_per_m2"": 0.0, ""total_area"": 37.0, ""total_price_per_m2"": 0.0, ""admin_per_m2"": 0.0}"
"Apartamento en arriendo en la felicidad, bogotá",ARRIENDO,37.0,False,0.0,0.0,0,1.0,0,False,False,False,0,0,0.0,0,I,False,3,3,3,0,,,,"{""area"": 37.0, ""price_per_m2"": 0.0, ""total_area"": 37.0, ""total_price_per_m2"": 0.0, ""admin_per_m2"": 0.0}"
"Apartamento en arriendo en montevideo, bogotá",ARRIENDO,43.0,True,0.0,0.0,0,1.0,0,False,False,False,0,0,0.0,0,I,False,3,3,3,0,,,,"{""area"": 43.0, ""price_per_m2"": 0.0, ""total_area"": 43.0, ""total_price_per_m2"": 0.0, ""admin_per_m2"": 0.0}"
"Apartamento en arriendo en montevideo, bogotá",ARRIENDO,43.0,True,0.0,0.0,0,1.0,0,False,False,False,0,0,0.0,0,I,False,3,3,3,0,,,,"{""area"": 43.0, ""price_per_m2"": 0.0, ""total_area"": 43.0, ""total_price_per_m2"": 0.0, ""admin_per_m2"": 0.0}"
"Apartamento en arriendo en colina campestre, bogotá",ARRIENDO,36.0,True,0.0,0.0,0,1.0,0,False,False,True,0,0,0.0,0,I,False,3,3,3,0,,,,"{""area"": 36.0, ""price_per_m2"": 0.0, ""total_area"": 36.0, ""total_price_per_m2"": 0.0, ""admin_per_m2"": 0.0}"
"Apartamento en arriendo en colina campestre, bogotá",ARRIENDO,36.0,True,0.0,0.0,0,1.0,0,False,False,True,0,0,0.0,0,I,False,3,3,3,0,,,,"{""area"": 36.0, ""price_per_m2"": 0.0, ""total_area"": 36.0, ""total_price_per_m2"": 0.0, ""admin_per_m2"": 0.0}"
"Apartamento en arriendo en colina campestre, bogotá",ARRIENDO,40.0,True,0.0,0.0,0,1.0,0,False,False,False,0,0,0.0,0,I,False,3,3,3,0,,,,"{""area"": 40.0, ""price_per_m2"": 0.0, ""total_area"": 40.0, ""total_price_per_m2"": 0.0, ""admin_per_m2"": 0.0}"
"Apartamento en arriendo en colina campestre, bogotá",ARRIENDO,40.0,True,0.0,0.0,0,1.0,0,False,False,False,0,0,0.0,0,I,False,3,3,3,0,,,,"{""area"": 40.0, ""price_per_m2"": 0.0, ""total_area"": 40.0, ""total_price_per_m2"": 0.0, ""admin_per_m2"": 0.0}"
"Apartamento en arriendo en puente largo, bogotá",ARRIENDO,32.0,True,0.0,0.0,0,1.0,0,False,False,False,0,0,0.0,0,I,False,3,3,3,0,,,,"{""area"": 32.0, ""price_per_m2"": 0.0, ""total_area"": 32.0, ""total_price_per_m2"": 0.0, ""admin_per_m2"": 0.0}"
"Apartamento en arriendo en puente largo, bogotá",ARRIENDO,32.0,True,0.0,0.0,0,1.0,0,False,False,False,0,0,0.0,0,I,False,3,3,3,0,,,,"{""area"": 32.0, ""price_per_m2"": 0.0, ""total_area"": 32.0, ""total_price_per_m2"": 0.0, ""admin_per_m2"": 0.0}"
"Apartamento en arriendo en hayuelos, bogotá",ARRIENDO,39.0,False,0.0,0.0,2,1.0,0,True,False,False,0,0,0.0,0,I,True,3,3,3,0,,,,"{""area"": 39.0, ""price_per_m2"": 0.0, ""total_area"": 39.0, ""total_price_per_m2"": 0.0, ""admin_per_m2"": 0.0}"
"Apartamento en arriendo en hayuelos, bogotá",ARRIENDO,39.0,False,0.0,0.0,2,1.0,0,True,False,False,0,0,0.0,0,I,True,3,3,3,0,,,,"{""area"": 39.0, ""price_per_m2"": 0.0, ""total_area"": 39.0, ""total_price_per_m2"": 0.0, ""admin_per_m2"": 0.0}"
"Apartamento en arriendo en lagos de cordoba, bogotá",ARRIENDO,37.0,True,0.0,0.0,0,1.0,0,False,False,True,0,0,0.0,0,I,False,3,3,3,0,,,,"{""area"": 37.0, ""price_per_m2"": 0.0, ""total_area"": 37.0, ""total_price_per_m2"": 0.0, ""admin_per_m2"": 0.0}"
"Apartamento en arriendo en lagos de cordoba, bogotá",ARRIENDO,37.0,True,0.0,0.0,0,1.0,0,False,False,True,0,0,0.0,0,I,False,3,3,3,0,,,,"{""area"": 37.0, ""price_per_m2"": 0.0, ""total_area"": 37.0, ""total_price_per_m2"": 0.0, ""admin_per_m2"": 0.0}"
"Apartamento en arriendo en centro internacional, bogotá",ARRIENDO,42.0,False,0.0,0.0,0,1.0,0,False,False,True,0,0,0.0,0,I,False,3,3,3,0,,,,"{""area"": 42.0, ""price_per_m2"": 0.0, ""total_area"": 42.0, ""total_price_per_m2"": 0.0, ""admin_per_m2"": 0.0}"
"Apartamento en arriendo en centro internacional, bogotá",ARRIENDO,42.0,False,0.0,0.0,0,1.0,0,False,False,True,0,0,0.0,0,I,False,3,3,3,0,,,,"{""area"": 42.0, ""price_per_m2"": 0.0, ""total_area"": 42.0, ""total_price_per_m2"": 0.0, ""admin_per_m2"": 0.0}"
"Apartamento en arriendo en alameda, bogotá",ARRIENDO,40.0,False,0.0,0.0,0,1.0,0,True,False,False,0,0,0.0,0,I,False,3,3,3,0,,,3138099598,"{""area"": 40.0, ""price_per_m2"": 0.0, ""total_area"": 40.0, ""total_price_per_m2"": 0.0, ""admin_per_m2"": 0.0}"
"Apartamento en arriendo en alameda, bogotá",ARRIENDO,40.0,False,0.0,0.0,0,1.0,0,True,False,False,0,0,0.0,0,I,False,3,3,3,0,,,3138099598,"{""area"": 40.0, ""price_per_m2"": 0.0, ""total_area"": 40.0, ""total_price_per_m2"": 0.0, ""admin_per_m2"": 0.0}"
"Apartamento en arriendo en chapinero, bogotá",ARRIENDO,30.0,False,0.0,0.0,0,1.0,0,False,False,False,0,0,0.0,0,I,True,3,3,3,0,,,,"{""area"": 30.0, ""price_per_m2"": 0.0, ""total_area"": 30.0, ""total_price_per_m2"": 0.0, ""admin_per_m2"": 0.0}"
"Apartamento en arriendo en chapinero, bogotá",ARRIENDO,30.0,False,0.0,0.0,0,1.0,0,False,False,False,0,0,0.0,0,I,True,3,3,3,0,,,,"{""area"": 30.0, ""price_per_m2"": 0.0, ""total_area"": 30.0, ""total_price_per_m2"": 0.0, ""admin_per_m2"": 0.0}"
"Apartamento en arriendo en colina campestre, bogotá",ARRIENDO,39.0,True,0.0,0.0,0,1.0,0,False,False,False,0,0,0.0,0,I,True,3,3,3,0,,,,"{""area"": 39.0, ""price_per_m2"": 0.0, ""total_area"": 39.0, ""total_price_per_m2"": 0.0, ""admin_per_m2"": 0.0}"
"Apartamento en arriendo en colina campestre, bogotá",ARRIENDO,39.0,True,0.0,0.0,0,1.0,0,False,False,False,0,0,0.0,0,I,True,3,3,3,0,,,,"{""area"": 39.0, ""price_per_m2"": 0.0, ""total_area"": 39.0, ""total_price_per_m2"": 0.0, ""admin_per_m2"": 0.0}"
"Apartamento en arriendo en niza norte, bogotá",ARRIENDO,39.0,False,0.0,0.0,2,1.0,0,True,False,False,0,0,0.0,0,I,True,3,3,3,0,,,,"{""area"": 39.0, ""price_per_m2"": 0.0, ""total_area"": 39.0, ""total_price_per_m2"": 0.0, ""admin_per_m2"": 0.0}"
"Apartamento en arriendo en niza norte, bogotá",ARRIENDO,39.0,False,0.0,0.0,2,1.0,0,True,False,False,0,0,0.0,0,I,True,3,3,3,0,,,,"{""area"": 39.0, ""price_per_m2"": 0.0, ""total_area"": 39.0, ""total_price_per_m2"": 0.0, ""admin_per_m2"": 0.0}"
"Apartamento en arriendo en loma de la doctora, sabaneta",ARRIENDO,42.0,True,0.0,0.0,0,2.0,0,False,False,False,0,0,0.0,0,I,False,3,3,3,0,,,,"{""area"": 42.0, ""price_per_m2"": 0.0, ""total_area"": 42.0, ""total_price_per_m2"": 0.0, ""admin_per_m2"": 0.0}"
"Apartamento en arriendo en loma de la doctora, sabaneta",ARRIENDO,42.0,True,0.0,0.0,0,2.0,0,False,False,False,0,0,0.0,0,I,False,3,3,3,0,,,,"{""area"": 42.0, ""price_per_m2"": 0.0, ""total_area"": 42.0, ""total_price_per_m2"": 0.0, ""admin_per_m2"": 0.0}"
"Apartamento en arriendo en alameda, bogotá",ARRIENDO,40.0,False,0.0,0.0,2,1.0,0,True,False,True,0,0,0.0,0,I,True,3,3,3,0,,,,"{""area"": 40.0, ""price_per_m2"": 0.0, ""total_area"": 40.0, ""total_price_per_m2"": 0.0, ""admin_per_m2"": 0.0}"
"Apartamento en arriendo en alameda, bogotá",ARRIENDO,40.0,False,0.0,0.0,2,1.0,0,True,False,True,0,0,0.0,0,I,True,3,3,3,0,,,,"{""area"": 40.0, ""price_per_m2"": 0.0, ""total_area"": 40.0, ""total_price_per_m2"": 0.0, ""admin_per_m2"": 0.0}"
"Apartamento en arriendo en lagos de cordoba, bogotá",ARRIENDO,39.0,False,0.0,0.0,2,1.0,0,False,False,False,0,0,0.0,0,I,False,3,3,3,0,,,,"{""area"": 39.0, ""price_per_m2"": 0.0, ""total_area"": 39.0, ""total_price_per_m2"": 0.0, ""admin_per_m2"": 0.0}"
"Apartamento en arriendo en lagos de cordoba, bogotá",ARRIENDO,39.0,False,0.0,0.0,2,1.0,0,False,False,False,0,0,0.0,0,I,False,3,3,3,0,,,,"{""area"": 39.0, ""price_per_m2"": 0.0, ""total_area"": 39.0, ""total_price_per_m2"": 0.0, ""admin_per_m2"": 0.0}"
"Apartamento en arriendo en usaquen, bogotá",ARRIENDO,77.0,True,0.0,0.0,2,1.0,0,True,False,True,0,0,0.0,0,I,True,3,3,3,0,,,,"{""area"": 77.0, ""price_per_m2"": 0.0, ""total_area"": 77.0, ""total_price_per_m2"": 0.0, ""admin_per_m2"": 0.0}"
"Apartamento en arriendo en usaquen, bogotá",ARRIENDO,77.0,True,0.0,0.0,2,1.0,0,True,False,True,0,0,0.0,0,I,True,3,3,3,0,,,,"{""area"": 77.0, ""price_per_m2"": 0.0, ""total_area"": 77.0, ""total_price_per_m2"": 0.0, ""admin_per_m2"": 0.0}"
"Apartamento en arriendo en barrio cristóbal, medellín",ARRIENDO,42.0,False,0.0,0.0,0,1.0,0,True,False,False,0,0,0.0,0,I,False,3,3,3,4,,,,"{""area"": 42.0, ""price_per_m2"": 0.0, ""total_area"": 42.0, ""total_price_per_m2"": 0.0, ""admin_per_m2"": 0.0}"
"Apartamento en arriendo en barrio cristóbal, medellín",ARRIENDO,42.0,False,0.0,0.0,0,1.0,0,True,False,False,0,0,0.0,0,I,False,3,3,3,4,,,,"{""area"": 42.0, ""price_per_m2"": 0.0, ""total_area"": 42.0, ""total_price_per_m2"": 0.0, ""admin_per_m2"": 0.0}"
"Apartamento en arriendo en chapinero, bogotá",ARRIENDO,32.0,True,0.0,0.0,0,1.0,0,True,True,True,0,0,0.0,0,I,False,3,3,3,0,,,,"{""area"": 32.0, ""price_per_m2"": 0.0, ""total_area"": 32.0, ""total_price_per_m2"": 0.0, ""admin_per_m2"": 0.0}"
"Apartamento en arriendo en chapinero, bogotá",ARRIENDO,32.0,True,0.0,0.0,0,1.0,0,True,True,True,0,0,0.0,0,I,False,3,3,3,0,,,,"{""area"": 32.0, ""price_per_m2"": 0.0, ""total_area"": 32.0, ""total_price_per_m2"": 0.0, ""admin_per_m2"": 0.0}"
"Apartamento en arriendo en chapinero, bogotá",ARRIENDO,36.0,True,0.0,0.0,0,2.0,0,False,False,True,0,0,0.0,0,I,True,3,3,3,0,,,313 296 9136,"{""area"": 36.0, ""price_per_m2"": 0.0, ""total_area"": 36.0, ""total_price_per_m2"": 0.0, ""admin_per_m2"": 0.0}"
"Apartamento en arriendo en chapinero, bogotá",ARRIENDO,36.0,True,0.0,0.0,0,2.0,0,False,False,True,0,0,0.0,0,I,True,3,3,3,0,,,313 296 9136,"{""area"": 36.0, ""price_per_m2"": 0.0, ""total_area"": 36.0, ""total_price_per_m2"": 0.0, ""admin_per_m2"": 0.0}"
"Apartamento en arriendo en colina campestre, bogotá",ARRIENDO,39.0,True,0.0,0.0,0,1.0,0,False,False,False,0,0,0.0,0,I,True,3,3,3,0,,,,"{""area"": 39.0, ""price_per_m2"": 0.0, ""total_area"": 39.0, ""total_price_per_m2"": 0.0, ""admin_per_m2"": 0.0}"
"Apartamento en arriendo en colina campestre, bogotá",ARRIENDO,39.0,True,0.0,0.0,0,1.0,0,False,False,False,0,0,0.0,0,I,True,3,3,3,0,,,,"{""area"": 39.0, ""price_per_m2"": 0.0, ""total_area"": 39.0, ""total_price_per_m2"": 0.0, ""admin_per_m2"": 0.0}"
"Apartamento en arriendo en gran america, bogotá",ARRIENDO,36.0,False,0.0,0.0,0,1.0,0,True,False,True,0,0,0.0,0,I,False,3,3,3,0,,,,"{""area"": 36.0, ""price_per_m2"": 0.0, ""total_area"": 36.0, ""total_price_per_m2"": 0.0, ""admin_per_m2"": 0.0}"
"Apartamento en arriendo en gran america, bogotá",ARRIENDO,36.0,False,0.0,0.0,0,1.0,0,True,False,True,0,0,0.0,0,I,False,3,3,3,0,,,,"{""area"": 36.0, ""price_per_m2"": 0.0, ""total_area"": 36.0, ""total_price_per_m2"": 0.0, ""admin_per_m2"": 0.0}"
"Apartamento en venta en casa blanca suba, bogotá",VENTA,7.0,True,0.0,0.0,0,2.0,0,False,False,True,0,0,0.0,0,I,False,3,3,3,0,,,,"{""area"": 7.0, ""price_per_m2"": 0.0, ""total_area"": 7.0, ""total_price_per_m2"": 0.0, ""admin_per_m2"": 0.0}"
"Apartamento en venta en casa blanca suba, bogotá",VENTA,7.0,True,0.0,0.0,0,2.0,0,False,False,True,0,0,0.0,0,I,False,3,3,3,0,,,,"{""area"": 7.0, ""price_per_m2"": 0.0, ""total_area"": 7.0, ""total_price_per_m2"": 0.0, ""admin_per_m2"": 0.0}"
"Apartamento en venta en colina campestre, bogotá",VENTA,125.0,True,0.0,0.0,0,3.0,0,False,False,False,0,0,0.0,0,I,False,3,3,3,5,,,,"{""area"": 125.0, ""price_per_m2"": 5.2, ""total_area"": 125.0, ""total_price_per_m2"": 5.2, ""admin_per_m2"": 0.0}"
"Apartamento en venta en colina campestre, bogotá",VENTA,125.0,True,0.0,0.0,0,3.0,0,False,False,False,0,0,0.0,0,I,False,3,3,3,5,,,,"{""area"": 125.0, ""price_per_m2"": 5.2, ""total_area"": 125.0, ""total_price_per_m2"": 5.2, ""admin_per_m2"": 0.0}"
"Apartamento en venta en la calleja, bogotá",VENTA,110.0,True,0.0,0.0,3,4.0,1,False,False,False,0,0,0.0,0,I,True,3,3,3,0,,,,"{""area"": 110.0, ""price_per_m2"": 0.0, ""total_area"": 110.0, ""total_price_per_m2"": 0.0, ""admin_per_m2"": 0.0}"
"Apartamento en venta en la calleja, bogotá",VENTA,110.0,True,0.0,0.0,3,4.0,1,False,False,False,0,0,0.0,0,I,True,3,3,3,0,,,,"{""area"": 110.0, ""price_per_m2"": 0.0, ""total_area"": 110.0, ""total_price_per_m2"": 0.0, ""admin_per_m2"": 0.0}"
"Apartamento en venta en lisboa, bogotá",VENTA,123.0,True,0.0,0.0,0,3.0,0,False,False,False,0,0,0.0,0,I,True,3,3,3,0,,,,"{""area"": 123.0, ""price_per_m2"": 0.0, ""total_area"": 123.0, ""total_price_per_m2"": 0.0, ""admin_per_m2"": 0.0}"
"Apartamento en venta en lisboa, bogotá",VENTA,123.0,True,0.0,0.0,0,3.0,0,False,False,False,0,0,0.0,0,I,True,3,3,3,0,,,,"{""area"": 123.0, ""price_per_m2"": 0.0, ""total_area"": 123.0, ""total_price_per_m2"": 0.0, ""admin_per_m2"": 0.0}"
"Apartamento en venta en puente largo, bogotá",VENTA,105.0,True,0.0,0.0,0,3.0,0,False,False,True,0,0,0.0,0,I,False,3,3,3,0,,,,"{""area"": 105.0, ""price_per_m2"": 0.0, ""total_area"": 105.0, ""total_price_per_m2"": 0.0, ""admin_per_m2"": 0.0}"
"Apartamento en venta en puente largo, bogotá",VENTA,105.0,True,0.0,0.0,0,3.0,0,False,False,True,0,0,0.0,0,I,False,3,3,3,0,,,,"{""area"": 105.0, ""price_per_m2"": 0.0, ""total_area"": 105.0, ""total_price_per_m2"": 0.0, ""admin_per_m2"": 0.0}"
"Apartamento en venta en el batán, bogotá",VENTA,3.0,False,0.0,0.0,4,3.0,2,False,False,True,0,0,0.0,0,I,False,3,3,3,5,,,,"{""area"": 3.0, ""price_per_m2"": 280.0, ""total_area"": 3.0, ""total_price_per_m2"": 280.0, ""admin_per_m2"": 0.0}"
"Apartamento en venta en el batán, bogotá",VENTA,3.0,False,0.0,0.0,4,3.0,2,False,False,True,0,0,0.0,0,I,False,3,3,3,5,,,,"{""area"": 3.0, ""price_per_m2"": 280.0, ""total_area"": 3.0, ""total_price_per_m2"": 280.0, ""admin_per_m2"": 0.0}"
"Apartamento en venta en bella suiza, bogotá",VENTA,112.0,True,0.0,0.0,3,3.0,2,False,False,True,0,0,0.0,0,I,False,3,3,3,0,,,,"{""area"": 112.0, ""price_per_m2"": 0.0, ""total_area"": 112.0, ""total_price_per_m2"": 0.0, ""admin_per_m2"": 0.0}"
"Apartamento en venta en bella suiza, bogotá",VENTA,112.0,True,0.0,0.0,3,3.0,2,False,False,True,0,0,0.0,0,I,False,3,3,3,0,,,,"{""area"": 112.0, ""price_per_m2"": 0.0, ""total_area"": 112.0, ""total_price_per_m2"": 0.0, ""admin_per_m2"": 0.0}"
"Apartamento en venta en la calleja, bogotá",VENTA,122.0,True,0.0,0.0,0,4.0,9,True,False,True,0,0,0.0,0,I,True,3,3,3,0,,,,"{""area"": 122.0, ""price_per_m2"": 0.0, ""total_area"": 122.0, ""total_price_per_m2"": 0.0, ""admin_per_m2"": 0.0}"
"Apartamento en venta en la calleja, bogotá",VENTA,122.0,True,0.0,0.0,0,4.0,9,True,False,True,0,0,0.0,0,I,True,3,3,3,0,,,,"{""area"": 122.0, ""price_per_m2"": 0.0, ""total_area"": 122.0, ""total_price_per_m2"": 0.0, ""admin_per_m2"": 0.0}"
"Apartamento en venta en la calleja, bogotá",VENTA,98.0,False,0.0,0.0,0,2.0,2,False,False,False,0,0,0.0,0,I,False,3,3,3,0,,,,"{""area"": 98.0, ""price_per_m2"": 0.0, ""total_area"": 98.0, ""total_price_per_m2"": 0.0, ""admin_per_m2"": 0.0}"
"Apartamento en venta en la calleja, bogotá",VENTA,98.0,False,0.0,0.0,0,2.0,2,False,False,False,0,0,0.0,0,I,False,3,3,3,0,,,,"{""area"": 98.0, ""price_per_m2"": 0.0, ""total_area"": 98.0, ""total_price_per_m2"": 0.0, ""admin_per_m2"": 0.0}"
"Apartamento en venta en el nogal, bogotá",VENTA,133.0,False,0.0,0.0,3,2.0,1,True,False,False,0,0,0.0,0,I,True,3,3,3,0,,,,"{""area"": 133.0, ""price_per_m2"": 0.0, ""total_area"": 133.0, ""total_price_per_m2"": 0.0, ""admin_per_m2"": 0.0}"
"Apartamento en venta en el nogal, bogotá",VENTA,133.0,False,0.0,0.0,3,2.0,1,True,False,False,0,0,0.0,0,I,True,3,3,3,0,,,,"{""area"": 133.0, ""price_per_m2"": 0.0, ""total_area"": 133.0, ""total_price_per_m2"": 0.0, ""admin_per_m2"": 0.0}"
"Apartamento en venta en colina campestre, bogotá",VENTA,115.0,False,0.0,0.0,3,3.0,2,False,False,True,0,0,0.0,0,I,True,3,3,3,5,,,,"{""area"": 115.0, ""price_per_m2"": 0.0, ""total_area"": 115.0, ""total_price_per_m2"": 0.0, ""admin_per_m2"": 0.0}"
"Apartamento en venta en colina campestre, bogotá",VENTA,115.0,False,0.0,0.0,3,3.0,2,False,False,True,0,0,0.0,0,I,True,3,3,3,5,,,,"{""area"": 115.0, ""price_per_m2"": 0.0, ""total_area"": 115.0, ""total_price_per_m2"": 0.0, ""admin_per_m2"": 0.0}"
"Apartamento en venta en colina campestre, bogotá",VENTA,134.0,True,0.0,0.0,0,3.0,0,False,False,True,0,0,0.0,0,I,False,3,3,3,0,,,,"{""area"": 134.0, ""price_per_m2"": 0.0, ""total_area"": 134.0, ""total_price_per_m2"": 0.0, ""admin_per_m2"": 0.0}"
"Apartamento en venta en colina campestre, bogotá",VENTA,134.0,True,0.0,0.0,0,3.0,0,False,False,True,0,0,0.0,0,I,False,3,3,3,0,,,,"{""area"": 134.0, ""price_per_m2"": 0.0, ""total_area"": 134.0, ""total_price_per_m2"": 0.0, ""admin_per_m2"": 0.0}"
"Apartamento en venta en nicolas de federman, bogotá",VENTA,97.0,False,0.0,0.0,3,2.0,0,False,False,False,0,0,0.0,0,I,True,3,3,3,0,,,,"{""area"": 97.0, ""price_per_m2"": 0.0, ""total_area"": 97.0, ""total_price_per_m2"": 0.0, ""admin_per_m2"": 0.0}"
"Apartamento en venta en nicolas de federman, bogotá",VENTA,97.0,False,0.0,0.0,3,2.0,0,False,False,False,0,0,0.0,0,I,True,3,3,3,0,,,,"{""area"": 97.0, ""price_per_m2"": 0.0, ""total_area"": 97.0, ""total_price_per_m2"": 0.0, ""admin_per_m2"": 0.0}"
"Apartamento en venta en chico norte, bogotá",VENTA,144.0,True,0.0,0.0,0,3.0,0,False,False,True,0,0,0.0,0,I,False,3,3,3,0,,,,"{""area"": 144.0, ""price_per_m2"": 0.0, ""total_area"": 144.0, ""total_price_per_m2"": 0.0, ""admin_per_m2"": 0.0}"
"Apartamento en venta en chico norte, bogotá",VENTA,144.0,True,0.0,0.0,0,3.0,0,False,False,True,0,0,0.0,0,I,False,3,3,3,0,,,,"{""area"": 144.0, ""price_per_m2"": 0.0, ""total_area"": 144.0, ""total_price_per_m2"": 0.0, ""admin_per_m2"": 0.0}"
"Apartamento en venta en bella suiza, bogotá",VENTA,115.0,True,0.0,0.0,0,3.0,0,False,False,False,0,0,0.0,0,I,True,3,3,3,0,,,,"{""area"": 115.0, ""price_per_m2"": 0.0, ""total_area"": 115.0, ""total_price_per_m2"": 0.0, ""admin_per_m2"": 0.0}"
"Apartamento en venta en bella suiza, bogotá",VENTA,115.0,True,0.0,0.0,0,3.0,0,False,False,False,0,0,0.0,0,I,True,3,3,3,0,,,,"{""area"": 115.0, ""price_per_m2"": 0.0, ""total_area"": 115.0, ""total_price_per_m2"": 0.0, ""admin_per_m2"": 0.0}"
"Apartamento en venta en santa barbara central, bogotá",VENTA,100.0,False,0.0,0.0,3,2.0,0,True,False,False,0,0,0.0,0,I,False,3,3,3,5,,,,"{""area"": 100.0, ""price_per_m2"": 0.0, ""total_area"": 100.0, ""total_price_per_m2"": 0.0, ""admin_per_m2"": 0.0}"
"Apartamento en venta en santa barbara central, bogotá",VENTA,100.0,False,0.0,0.0,3,2.0,0,True,False,False,0,0,0.0,0,I,False,3,3,3,5,,,,"{""area"": 100.0, ""price_per_m2"": 0.0, ""total_area"": 100.0, ""total_price_per_m2"": 0.0, ""admin_per_m2"": 0.0}"
"Apartamento en venta en santa ana occidental, bogotá",VENTA,132.0,False,0.0,0.0,0,3.0,0,False,False,True,0,0,0.0,0,I,True,3,3,3,0,,,,"{""area"": 132.0, ""price_per_m2"": 5.666666666666667, ""total_area"": 132.0, ""total_price_per_m2"": 5.666666666666667, ""admin_per_m2"": 0.0}"
"Apartamento en venta en santa ana occidental, bogotá",VENTA,132.0,False,0.0,0.0,0,3.0,0,False,False,True,0,0,0.0,0,I,True,3,3,3,0,,,,"{""area"": 132.0, ""price_per_m2"": 5.666666666666667, ""total_area"": 132.0, ""total_price_per_m2"": 5.666666666666667, ""admin_per_m2"": 0.0}"
"Apartamento en venta en santa paula, bogotá",VENTA,138.0,False,0.0,0.0,3,3.0,2,False,False,False,0,0,0.0,0,I,False,3,3,3,0,,,,"{""area"": 138.0, ""price_per_m2"": 0.0, ""total_area"": 138.0, ""total_price_per_m2"": 0.0, ""admin_per_m2"": 0.0}"
"Apartamento en venta en santa paula, bogotá",VENTA,138.0,False,0.0,0.0,3,3.0,2,False,False,False,0,0,0.0,0,I,False,3,3,3,0,,,,"{""area"": 138.0, ""price_per_m2"": 0.0, ""total_area"": 138.0, ""total_price_per_m2"": 0.0, ""admin_per_m2"": 0.0}"
"Apartamento en venta en colina campestre, bogotá",VENTA,115.0,False,0.0,0.0,3,3.0,2,False,False,True,0,0,0.0,0,I,True,3,3,3,0,,,,"{""area"": 115.0, ""price_per_m2"": 0.0, ""total_area"": 115.0, ""total_price_per_m2"": 0.0, ""admin_per_m2"": 0.0}"
"Apartamento en venta en colina campestre, bogotá",VENTA,115.0,False,0.0,0.0,3,3.0,2,False,False,True,0,0,0.0,0,I,True,3,3,3,0,,,,"{""area"": 115.0, ""price_per_m2"": 0.0, ""total_area"": 115.0, ""total_price_per_m2"": 0.0, ""admin_per_m2"": 0.0}"
"Apartamento en venta en puente largo, bogotá",VENTA,126.0,False,0.0,0.0,0,3.0,1,False,False,False,0,0,0.0,0,I,False,3,3,3,0,,,,"{""area"": 126.0, ""price_per_m2"": 0.0, ""total_area"": 126.0, ""total_price_per_m2"": 0.0, ""admin_per_m2"": 0.0}"
"Apartamento en venta en puente largo, bogotá",VENTA,126.0,False,0.0,0.0,0,3.0,1,False,False,False,0,0,0.0,0,I,False,3,3,3,0,,,,"{""area"": 126.0, ""price_per_m2"": 0.0, ""total_area"": 126.0, ""total_price_per_m2"": 0.0, ""admin_per_m2"": 0.0}"
"Apartamento en venta en puente largo, bogotá",VENTA,18.0,True,0.0,0.0,2,2.0,2,False,False,False,0,0,0.0,0,I,False,3,3,3,0,,,,"{""area"": 18.0, ""price_per_m2"": 0.0, ""total_area"": 18.0, ""total_price_per_m2"": 0.0, ""admin_per_m2"": 0.0}"
"Apartamento en venta en puente largo, bogotá",VENTA,18.0,True,0.0,0.0,2,2.0,2,False,False,False,0,0,0.0,0,I,False,3,3,3,0,,,,"{""area"": 18.0, ""price_per_m2"": 0.0, ""total_area"": 18.0, ""total_price_per_m2"": 0.0, ""admin_per_m2"": 0.0}"
"Apartamento en arriendo en robledo, medellín",ARRIENDO,50.0,False,0.0,0.0,2,2.0,0,True,False,False,0,0,0.0,0,I,True,3,3,3,0,,,3044328635,"{""area"": 50.0, ""price_per_m2"": 0.0, ""total_area"": 50.0, ""total_price_per_m2"": 0.0, ""admin_per_m2"": 0.0}"
"Apartamento en arriendo en robledo, medellín",ARRIENDO,50.0,False,0.0,0.0,2,2.0,0,True,False,False,0,0,0.0,0,I,True,3,3,3,0,,,3044328635,"{""area"": 50.0, ""price_per_m2"": 0.0, ""total_area"": 50.0, ""total_price_per_m2"": 0.0, ""admin_per_m2"": 0.0}"
"Apartamento en arriendo en campo valdes no.1, medellín",ARRIENDO,55.0,False,0.0,0.0,0,1.0,0,False,False,False,0,0,0.0,0,I,False,3,3,3,0,,,,"{""area"": 55.0, ""price_per_m2"": 0.0, ""total_area"": 55.0, ""total_price_per_m2"": 0.0, ""admin_per_m2"": 0.0}"
"Apartamento en arriendo en campo valdes no.1, medellín",ARRIENDO,55.0,False,0.0,0.0,0,1.0,0,False,False,False,0,0,0.0,0,I,False,3,3,3,0,,,,"{""area"": 55.0, ""price_per_m2"": 0.0, ""total_area"": 55.0, ""total_price_per_m2"": 0.0, ""admin_per_m2"": 0.0}"
"Apartamento en arriendo en guayaquil, medellín",ARRIENDO,50.0,False,0.0,0.0,0,2.0,0,False,False,False,0,0,0.0,0,I,False,3,3,3,0,,,,"{""area"": 50.0, ""price_per_m2"": 0.0, ""total_area"": 50.0, ""total_price_per_m2"": 0.0, ""admin_per_m2"": 0.0}"
"Apartamento en arriendo en guayaquil, medellín",ARRIENDO,50.0,False,0.0,0.0,0,2.0,0,False,False,False,0,0,0.0,0,I,False,3,3,3,0,,,,"{""area"": 50.0, ""price_per_m2"": 0.0, ""total_area"": 50.0, ""total_price_per_m2"": 0.0, ""admin_per_m2"": 0.0}"
"Apartamento en arriendo en belen las playas, medellín",ARRIENDO,40.0,False,0.0,0.0,0,1.0,0,False,False,False,0,0,0.0,0,I,False,3,3,3,0,,,,"{""area"": 40.0, ""price_per_m2"": 0.0, ""total_area"": 40.0, ""total_price_per_m2"": 0.0, ""admin_per_m2"": 0.0}"
"Apartamento en arriendo en belen las playas, medellín",ARRIENDO,40.0,False,0.0,0.0,0,1.0,0,False,False,False,0,0,0.0,0,I,False,3,3,3,0,,,,"{""area"": 40.0, ""price_per_m2"": 0.0, ""total_area"": 40.0, ""total_price_per_m2"": 0.0, ""admin_per_m2"": 0.0}"
"Apartamento en arriendo en laureles, medellín",ARRIENDO,46.0,True,0.0,0.0,0,1.0,0,False,False,False,0,0,0.0,0,I,True,3,3,3,0,,,,"{""area"": 46.0, ""price_per_m2"": 0.0, ""total_area"": 46.0, ""total_price_per_m2"": 0.0, ""admin_per_m2"": 0.0}"
"Apartamento en arriendo en laureles, medellín",ARRIENDO,46.0,True,0.0,0.0,0,1.0,0,False,False,False,0,0,0.0,0,I,True,3,3,3,0,,,,"{""area"": 46.0, ""price_per_m2"": 0.0, ""total_area"": 46.0, ""total_price_per_m2"": 0.0, ""admin_per_m2"": 0.0}"
"Apartamento en arriendo en san antonio de prado, medellín",ARRIENDO,45.0,False,0.0,0.0,2,1.0,0,True,False,False,0,0,0.0,0,I,True,3,3,3,0,,,,"{""area"": 45.0, ""price_per_m2"": 0.0, ""total_area"": 45.0, ""total_price_per_m2"": 0.0, ""admin_per_m2"": 0.0}"
"Apartamento en arriendo en san antonio de prado, medellín",ARRIENDO,45.0,False,0.0,0.0,2,1.0,0,True,False,False,0,0,0.0,0,I,True,3,3,3,0,,,,"{""area"": 45.0, ""price_per_m2"": 0.0, ""total_area"": 45.0, ""total_price_per_m2"": 0.0, ""admin_per_m2"": 0.0}"
"Apartamento en arriendo en calasanz, medellín",ARRIENDO,55.0,False,0.0,0.0,2,1.0,0,True,False,False,0,0,0.0,0,I,False,3,3,3,0,,,,"{""area"": 55.0, ""price_per_m2"": 0.0, ""total_area"": 55.0, ""total_price_per_m2"": 0.0, ""admin_per_m2"": 0.0}"
"Apartamento en arriendo en calasanz, medellín",ARRIENDO,55.0,False,0.0,0.0,2,1.0,0,True,False,False,0,0,0.0,0,I,False,3,3,3,0,,,,"{""area"": 55.0, ""price_per_m2"": 0.0, ""total_area"": 55.0, ""total_price_per_m2"": 0.0, ""admin_per_m2"": 0.0}"
Apartamento en arriendo en medellín,ARRIENDO,46.0,True,0.0,0.0,0,1.0,0,False,False,False,0,0,0.0,0,I,True,3,3,3,3,,,,"{""area"": 46.0, ""price_per_m2"": 0.0, ""total_area"": 46.0, ""total_price_per_m2"": 0.0, ""admin_per_m2"": 0.0}"
Apartamento en arriendo en medellín,ARRIENDO,46.0,True,0.0,0.0,0,1.0,0,False,False,False,0,0,0.0,0,I,True,3,3,3,3,,,,"{""area"": 46.0, ""price_per_m2"": 0.0, ""total_area"": 46.0, ""total_price_per_m2"": 0.0, ""admin_per_m2"": 0.0}"
"Apartamento en arriendo en villa hermosa, medellín",ARRIENDO,45.0,False,0.0,0.0,2,1.0,0,True,False,False,0,0,0.0,0,I,False,3,3,3,0,,,300 207 4401,"{""area"": 45.0, ""price_per_m2"": 0.0, ""total_area"": 45.0, ""total_price_per_m2"": 0.0, ""admin_per_m2"": 0.0}"
"Apartamento en arriendo en villa hermosa, medellín",ARRIENDO,45.0,False,0.0,0.0,2,1.0,0,True,False,False,0,0,0.0,0,I,False,3,3,3,0,,,300 207 4401,"{""area"": 45.0, ""price_per_m2"": 0.0, ""total_area"": 45.0, ""total_price_per_m2"": 0.0, ""admin_per_m2"": 0.0}"
"Apartamento en arriendo en cucaracho, medellín",ARRIENDO,45.0,False,0.0,0.0,3,1.0,0,False,False,False,0,0,0.0,0,I,False,3,3,3,0,,,604 4752340,"{""area"": 45.0, ""price_per_m2"": 0.0, ""total_area"": 45.0, ""total_price_per_m2"": 0.0, ""admin_per_m2"": 0.0}"
"Apartamento en arriendo en cucaracho, medellín",ARRIENDO,45.0,False,0.0,0.0,3,1.0,0,False,False,False,0,0,0.0,0,I,False,3,3,3,0,,,604 4752340,"{""area"": 45.0, ""price_per_m2"": 0.0, ""total_area"": 45.0, ""total_price_per_m2"": 0.0, ""admin_per_m2"": 0.0}"
Casa en arriendo en medellín,ARRIENDO,40.0,False,0.0,0.0,2,1.0,0,False,False,False,0,0,0.0,0,I,False,3,3,3,0,,,,"{""area"": 40.0, ""price_per_m2"": 0.0, ""total_area"": 40.0, ""total_price_per_m2"": 0.0, ""admin_per_m2"": 0.0}"
Casa en arriendo en medellín,ARRIENDO,40.0,False,0.0,0.0,2,1.0,0,False,False,False,0,0,0.0,0,I,False,3,3,3,0,,,,"{""area"": 40.0, ""price_per_m2"": 0.0, ""total_area"": 40.0, ""total_price_per_m2"": 0.0, ""admin_per_m2"": 0.0}"
"Apartamento en arriendo en robledo, medellín",ARRIENDO,47.0,True,0.0,0.0,3,1.0,0,True,False,False,0,0,0.0,0,I,False,3,3,3,0,,,3105064343,"{""area"": 47.0, ""price_per_m2"": 0.0, ""total_area"": 47.0, ""total_price_per_m2"": 0.0, ""admin_per_m2"": 0.0}"
"Apartamento en arriendo en robledo, medellín",ARRIENDO,47.0,True,0.0,0.0,3,1.0,0,True,False,False,0,0,0.0,0,I,False,3,3,3,0,,,3105064343,"{""area"": 47.0, ""price_per_m2"": 0.0, ""total_area"": 47.0, ""total_price_per_m2"": 0.0, ""admin_per_m2"": 0.0}"
"Apartamento en arriendo en robledo, medellín",ARRIENDO,55.0,False,0.0,0.0,2,1.0,0,True,False,False,0,0,0.0,0,I,True,3,3,3,0,,,,"{""area"": 55.0, ""price_per_m2"": 0.0, ""total_area"": 55.0, ""total_price_per_m2"": 0.0, ""admin_per_m2"": 0.0}"
"Apartamento en arriendo en robledo, medellín",ARRIENDO,55.0,False,0.0,0.0,2,1.0,0,True,False,False,0,0,0.0,0,I,True,3,3,3,0,,,,"{""area"": 55.0, ""price_per_m2"": 0.0, ""total_area"": 55.0, ""total_price_per_m2"": 0.0, ""admin_per_m2"": 0.0}"
"Apartamento en arriendo en san antonio de prado, medellín",ARRIENDO,45.0,False,0.0,0.0,3,1.0,0,True,False,False,0,0,0.0,0,I,False,3,3,3,0,,,,"{""area"": 45.0, ""price_per_m2"": 0.0, ""total_area"": 45.0, ""total_price_per_m2"": 0.0, ""admin_per_m2"": 0.0}"
"Apartamento en arriendo en san antonio de prado, medellín",ARRIENDO,45.0,False,0.0,0.0,3,1.0,0,True,False,False,0,0,0.0,0,I,False,3,3,3,0,,,,"{""area"": 45.0, ""price_per_m2"": 0.0, ""total_area"": 45.0, ""total_price_per_m2"": 0.0, ""admin_per_m2"": 0.0}"
"Apartamento en arriendo en san antonio de prado, medellín",ARRIENDO,55.0,False,0.0,0.0,0,1.0,0,False,False,False,0,0,0.0,0,I,False,3,3,3,0,,,,"{""area"": 55.0, ""price_per_m2"": 0.0, ""total_area"": 55.0, ""total_price_per_m2"": 0.0, ""admin_per_m2"": 0.0}"
"Apartamento en arriendo en san antonio de prado, medellín",ARRIENDO,55.0,False,0.0,0.0,0,1.0,0,False,False,False,0,0,0.0,0,I,False,3,3,3,0,,,,"{""area"": 55.0, ""price_per_m2"": 0.0, ""total_area"": 55.0, ""total_price_per_m2"": 0.0, ""admin_per_m2"": 0.0}"
"Apartamento en arriendo en san antonio de prado, medellín",ARRIENDO,42.0,False,0.0,0.0,2,1.0,0,True,False,False,0,0,0.0,0,I,True,3,3,3,0,,,,"{""area"": 42.0, ""price_per_m2"": 0.0, ""total_area"": 42.0, ""total_price_per_m2"": 0.0, ""admin_per_m2"": 0.0}"
"Apartamento en arriendo en san antonio de prado, medellín",ARRIENDO,42.0,False,0.0,0.0,2,1.0,0,True,False,False,0,0,0.0,0,I,True,3,3,3,0,,,,"{""area"": 42.0, ""price_per_m2"": 0.0, ""total_area"": 42.0, ""total_price_per_m2"": 0.0, ""admin_per_m2"": 0.0}"
"Apartamento en arriendo en robledo, medellín",ARRIENDO,45.0,True,0.0,0.0,3,2.0,0,True,False,False,0,0,0.0,0,I,False,3,3,3,0,,,,"{""area"": 45.0, ""price_per_m2"": 0.0, ""total_area"": 45.0, ""total_price_per_m2"": 0.0, ""admin_per_m2"": 0.0}"
"Apartamento en arriendo en robledo, medellín",ARRIENDO,45.0,True,0.0,0.0,3,2.0,0,True,False,False,0,0,0.0,0,I,False,3,3,3,0,,,,"{""area"": 45.0, ""price_per_m2"": 0.0, ""total_area"": 45.0, ""total_price_per_m2"": 0.0, ""admin_per_m2"": 0.0}"
"Apartamento en arriendo en san javier, medellín",ARRIENDO,54.0,False,0.0,0.0,2,1.0,0,True,False,False,0,0,0.0,0,I,False,3,3,3,0,,,320 5003585,"{""area"": 54.0, ""price_per_m2"": 0.0, ""total_area"": 54.0, ""total_price_per_m2"": 0.0, ""admin_per_m2"": 0.0}"
"Apartamento en arriendo en san javier, medellín",ARRIENDO,54.0,False,0.0,0.0,2,1.0,0,True,False,False,0,0,0.0,0,I,False,3,3,3,0,,,320 5003585,"{""area"": 54.0, ""price_per_m2"": 0.0, ""total_area"": 54.0, ""total_price_per_m2"": 0.0, ""admin_per_m2"": 0.0}"
"Apartamento en arriendo en villa hermosa, medellín",ARRIENDO,60.0,False,0.0,0.0,3,1.0,0,True,False,False,0,0,0.0,0,I,False,3,3,3,0,,,,"{""area"": 60.0, ""price_per_m2"": 0.0, ""total_area"": 60.0, ""total_price_per_m2"": 0.0, ""admin_per_m2"": 0.0}"
"Apartamento en arriendo en villa hermosa, medellín",ARRIENDO,60.0,False,0.0,0.0,3,1.0,0,True,False,False,0,0,0.0,0,I,False,3,3,3,0,,,,"{""area"": 60.0, ""price_per_m2"": 0.0, ""total_area"": 60.0, ""total_price_per_m2"": 0.0, ""admin_per_m2"": 0.0}"
"Apartamento en arriendo en belén los alpes, medellín",ARRIENDO,50.0,False,0.0,0.0,0,1.0,0,False,False,False,0,0,0.0,0,I,False,3,3,3,3,,,,"{""area"": 50.0, ""price_per_m2"": 0.0, ""total_area"": 50.0, ""total_price_per_m2"": 0.0, ""admin_per_m2"": 0.0}"
"Apartamento en arriendo en belén los alpes, medellín",ARRIENDO,50.0,False,0.0,0.0,0,1.0,0,False,False,False,0,0,0.0,0,I,False,3,3,3,3,,,,"{""area"": 50.0, ""price_per_m2"": 0.0, ""total_area"": 50.0, ""total_price_per_m2"": 0.0, ""admin_per_m2"": 0.0}"
"Apartamento en arriendo en san javier, medellín",ARRIENDO,48.0,False,0.0,0.0,2,1.0,0,True,False,False,0,0,0.0,0,I,False,3,3,3,0,,,,"{""area"": 48.0, ""price_per_m2"": 0.0, ""total_area"": 48.0, ""total_price_per_m2"": 0.0, ""admin_per_m2"": 0.0}"
"Apartamento en arriendo en san javier, medellín",ARRIENDO,48.0,False,0.0,0.0,2,1.0,0,True,False,False,0,0,0.0,0,I,False,3,3,3,0,,,,"{""area"": 48.0, ""price_per_m2"": 0.0, ""total_area"": 48.0, ""total_price_per_m2"": 0.0, ""admin_per_m2"": 0.0}"
